ID,Mouth,Nasal,Skin,Stool
ID_AMSOXU,0.8809182,0.0064808,0.10589786,0.0067030974
ID_AGKIYB,0.00079873286,0.0005339551,0.9981178,0.00054950267
ID_AOQGWN,0.0070448974,0.0024692256,0.9878806,0.0026052939
ID_ASNCNV,0.005952507,0.0011058607,0.99179745,0.0011441861
ID_AVMUKC,0.16957831,0.005914429,0.81850165,0.00600558
ID_AJGVTS,0.9981864,0.00035120046,0.0010990794,0.0003632466
ID_ARGCHE,0.00055102154,0.9960238,0.0012236162,0.002201585
ID_ANSGID,0.004935999,0.0008796713,0.99329996,0.00088433037
ID_AKDVQI,0.0005419427,0.99562526,0.0013372091,0.0024955089
ID_ABHFUP,0.0005797797,0.9960162,0.0009296813,0.0024742659
ID_ARCTEP,0.00056812813,0.996298,0.00086651254,0.0022673258
ID_ALHTER,0.0006580723,0.0027025822,0.000851481,0.9957879
ID_AVZMAJ,0.0005384585,0.99619067,0.00095927186,0.0023115906
ID_AWDNCQ,0.0005199846,0.9963749,0.00087282405,0.002232244
ID_ATFRKF,0.0027410553,0.5029202,0.004263674,0.49007502
ID_ADBLNY,0.0005200078,0.9964194,0.0008638481,0.0021966952
ID_AJCBOB,0.0008388565,0.0030521885,0.0010842951,0.9950246
ID_BBHQDM,0.00088309124,0.0009527399,0.9971788,0.0009854188
ID_AGHEZK,0.9918275,0.00093558885,0.0062692086,0.00096768036
ID_AKIAKB,0.0005683166,0.0032888271,0.00088382873,0.995259
ID_AMUYDZ,0.0005162686,0.9963845,0.00089796464,0.0022012528
ID_AUPWYI,0.0005231673,0.002233969,0.0008327711,0.9964101
ID_BCGAMY,0.0620591,0.010815029,0.91613203,0.010993867
ID_AIQHUX,0.0007288628,0.003925146,0.0009528041,0.9943931
ID_BBZYDO,0.003492947,0.0018437037,0.9927912,0.001872119
ID_AJKHOU,0.00052291,0.9963946,0.00088567805,0.002196871
ID_BAFNRW,0.001085642,0.018362505,0.001775555,0.9787763
ID_AWHBEB,0.0006322704,0.002303883,0.00089804543,0.9961659
ID_AIVFAZ,0.0005345329,0.0022028664,0.00087779376,0.99638486
ID_AWINYS,0.0005141626,0.002176459,0.0008204562,0.9964889
ID_BMMBCB,0.0053375205,0.001331753,0.9919629,0.001367731
ID_BGAGEX,0.0035920714,0.0015005723,0.9931444,0.0017629642
ID_AKWSZD,0.00061564555,0.002347344,0.0009373169,0.9960997
ID_BEHPUD,0.0005673745,0.0021974316,0.00084187055,0.99639326
ID_AWUOPA,0.0006087476,0.99603796,0.0010087078,0.0023445776
ID_AYUWST,0.0006826882,0.006841987,0.0008720405,0.9916033
ID_BMLXGW,0.0004696594,0.0005131239,0.9984837,0.00053358066
ID_BNPBKM,0.00075622695,0.00047367273,0.99828017,0.0004899197
ID_BGXBIY,0.0005325565,0.004237098,0.0009079247,0.9943224
ID_AQDZLZ,0.0005680103,0.9946837,0.0010496193,0.003698753
ID_AFBBWK,0.99886703,0.00034513779,0.00043083963,0.00035697597
ID_BMTDZO,0.0005135644,0.99635327,0.00090949546,0.0022236607
ID_BIZXXH,0.0005507477,0.9960179,0.0012101196,0.002221254
ID_BRXQMI,0.034763664,0.0046483367,0.955868,0.0047199773
ID_BSUSJN,0.9826418,0.0038108118,0.009625612,0.0039217775
ID_BGXNSA,0.00055989897,0.0023572987,0.0009968637,0.9960859
ID_BNZPZI,0.00052894116,0.9962525,0.0008996241,0.002318972
ID_BSKTJR,0.0005299122,0.9962437,0.00086451985,0.0023618275
ID_BMOTBZ,0.9986217,0.00032791196,0.0007112851,0.00033915963
ID_BBHZGN,0.9914137,0.00081080926,0.0069819517,0.0007936049
ID_BPZJQD,0.00062948995,0.0022508777,0.00089763495,0.996222
ID_BTYEBT,0.0005458124,0.0036116117,0.0009593838,0.9948832
ID_BXBUWW,0.0019522014,0.0006243599,0.9967899,0.0006335894
ID_BLOYRU,0.0045646806,0.0012360928,0.99292976,0.0012695253
ID_BGUKXP,0.0005135527,0.99633056,0.0009871629,0.0021687222
ID_BTVXGK,0.00057160616,0.0022111242,0.0008226223,0.9963947
ID_AUUTWM,0.00091378886,0.0008563352,0.9973489,0.00088091847
ID_BRQVGL,0.0041384525,0.00090021244,0.9940502,0.0009110732
ID_ALGOGQ,0.0003682123,0.0005179806,0.9985752,0.00053863105
ID_AFAEMB,0.97324854,0.0031862368,0.020269703,0.0032955245
ID_BWUYYP,0.9909861,0.0007790027,0.007433239,0.0008016854
ID_BYCFRG,0.0011220338,0.005899933,0.0016583961,0.9913196
ID_BSFZJR,0.0006439678,0.9944037,0.0009942609,0.0039580045
ID_BNMXEV,0.006616152,0.0019807336,0.98937947,0.0020236273
ID_BWNYHM,0.00075001904,0.0031126586,0.0012381041,0.9948992
ID_BXLGGU,0.00091498526,0.00073927623,0.9975891,0.00075667916
ID_BXGPNO,0.9445859,0.0033574707,0.048583996,0.0034726348
ID_CDWNJE,0.0057686716,0.0018144767,0.9906679,0.0017490344
ID_BIVMAZ,0.9972458,0.00056785136,0.0015990052,0.00058732857
ID_BZUXXM,0.00056807545,0.0021697038,0.00082938676,0.9964328
ID_BYAFED,0.9804551,0.001871938,0.015736796,0.0019361454
ID_BZSGLQ,0.9802264,0.0013335114,0.017281212,0.0011589141
ID_BYTEUW,0.003932326,0.5974483,0.0068885363,0.3917309
ID_BGAQPG,0.051222764,0.0063686534,0.9359346,0.0064739655
ID_CAMNHK,0.0005934386,0.99620503,0.000944771,0.0022568123
ID_BZILSP,0.0005162569,0.9963619,0.0009239634,0.002197875
ID_CHLUGJ,0.029527709,0.002017319,0.9663538,0.0021011496
ID_BSCLTL,0.9967187,0.00053346,0.002196009,0.00055175764
ID_CFTZNA,0.00056865497,0.0022104161,0.0008089203,0.996412
ID_CIQIKP,0.0006158498,0.0021986682,0.00081798865,0.99636745
ID_CFQAKO,0.00058501,0.002233197,0.0008577508,0.99632406
ID_BFHWMT,0.99791867,0.00052871864,0.0010058216,0.0005468541
ID_BFALNR,0.98960835,0.0016650184,0.007004479,0.0017221282
ID_CMJWBS,0.025678508,0.0029678838,0.9682624,0.0030912156
ID_BYYXZS,0.0109827025,0.0044969423,0.9800892,0.004431114
ID_BUTTHJ,0.0016231361,0.00061624305,0.9971198,0.00064081064
ID_CFUAPP,0.00057105726,0.0022887255,0.00087610935,0.99626416
ID_CKZWMZ,0.995891,0.0005334243,0.0030238607,0.00055172126
ID_CKYLDD,0.0024546296,0.007954028,0.0021324444,0.98745894
ID_CEPPVK,0.99568415,0.0007441291,0.0028020807,0.0007696534
ID_BZYPZI,0.0005260373,0.0022032945,0.0009796477,0.99629104
ID_CHVVYY,0.00056273636,0.0022019572,0.00086165563,0.9963736
ID_CGQXZL,0.0005220902,0.9962134,0.0009780793,0.0022863944
ID_CMCJKR,0.0005946373,0.0022135044,0.00082350837,0.9963683
ID_CIVPPF,0.00051623804,0.99632543,0.00092774344,0.0022305439
ID_CCCVPZ,0.0005304158,0.99621236,0.0010474257,0.0022098573
ID_CPQIGO,0.0017849682,0.000939492,0.99630344,0.0009720516
ID_AYRSVB,0.99805534,0.0005015468,0.00092437555,0.00051874976
ID_CNVJTD,0.0006910265,0.0023679931,0.0009356532,0.99600536
ID_CIZFBU,0.00055698527,0.0023020036,0.0008926599,0.9962483
ID_CTBHHY,0.0028203633,0.0015914171,0.9939739,0.0016142991
ID_CMYHXL,0.0017829579,0.00083805417,0.9965119,0.0008670987
ID_CNJEMU,0.00063583656,0.99581736,0.0010124686,0.0025343054
ID_CHLDYV,0.0006572853,0.9958973,0.0010975559,0.002347916
ID_CTHPWQ,0.0005711802,0.0022206502,0.0008260427,0.9963821
ID_CAFLUD,0.96782535,0.0028731874,0.02632973,0.0029717374
ID_CURUPB,0.00056834106,0.99606615,0.0010079847,0.0023575646
ID_CRRLME,0.00049106876,0.0022135219,0.00082947203,0.9964659
ID_CRIKEW,0.0006316893,0.0022680608,0.00092355115,0.9961767
ID_CZUTBP,0.0084248595,0.00082471746,0.9899155,0.0008349668
ID_CQPBJZ,0.99599516,0.0006089659,0.002766058,0.00062985334
ID_CPWFIE,0.0028401571,0.061912544,0.0045042485,0.930743
ID_BWVHUF,0.9843158,0.001810994,0.011958404,0.001914772
ID_CYRXBM,0.00060409616,0.9955974,0.0012310124,0.002567481
ID_CURZNU,0.99846905,0.00029724833,0.00092618546,0.00030744393
ID_DDCLES,0.0010019452,0.0006643613,0.9976465,0.00068714947
ID_CXYITK,0.0005677016,0.00061389763,0.9981877,0.00063068507
ID_CXKMII,0.00056281587,0.0021133604,0.0008093801,0.9965145
ID_CWNXOC,0.00080850563,0.0022076855,0.0008275971,0.9961563
ID_DEACVT,0.00072263257,0.026474554,0.0013147033,0.97148806
ID_CNYSMN,0.00057477265,0.002195283,0.0009904376,0.99623954
ID_DEFZNC,0.013170277,0.004450171,0.9781422,0.004237345
ID_DFXCET,0.0028177628,0.0035811353,0.989922,0.003679062
ID_CCNTTA,0.0006353761,0.003438588,0.0010304545,0.9948955
ID_DGMYWY,0.01862149,0.0016402213,0.97807455,0.0016637646
ID_DCYZXZ,0.00089376763,0.0006174379,0.99784565,0.0006430958
ID_DHGWGW,0.0011691706,0.0007905626,0.9972223,0.0008179608
ID_BQALZS,0.6793932,0.0051420457,0.31096616,0.00449859
ID_DGIHFW,0.0005804511,0.9958587,0.0011739236,0.0023868901
ID_CVBFDK,0.0005849161,0.002267767,0.0009830737,0.9961642
ID_DHEWQO,0.0010643337,0.0050035473,0.0017622121,0.9921699
ID_DBPGZB,0.009538391,0.001982844,0.98643816,0.0020405806
ID_COAYXA,0.0005521099,0.9957903,0.0011473455,0.0025103074
ID_DIHNQA,0.0026878896,0.0010919101,0.9950847,0.0011354414
ID_CZJPWJ,0.0006054851,0.004207235,0.0010010853,0.99418616
ID_DCMDEF,0.00055709906,0.9962859,0.00090475264,0.0022522341
ID_CYIBFB,0.0012177238,0.0007219059,0.99731344,0.00074692507
ID_DLHWNC,0.0005772245,0.004718566,0.00091901986,0.99378514
ID_CRUQTU,0.0068322634,0.0045110467,0.9840974,0.004559275
ID_DLQHZF,0.00057927304,0.0022192658,0.0008562109,0.9963452
ID_DQYBXD,0.9939851,0.00072314875,0.00454382,0.0007479534
ID_DQRJKX,0.00054775394,0.004272616,0.00096007093,0.99421954
ID_BUHWGN,0.99457306,0.0017813151,0.0018032272,0.0018424148
ID_DQGGYD,0.00052080187,0.9963471,0.00092293293,0.0022091046
ID_DRCHAK,0.00049806933,0.0030583176,0.00081616483,0.9956274
ID_DVNEFD,0.01560926,0.0016636282,0.9810064,0.0017206913
ID_DHZVMF,0.0005617576,0.99584705,0.0011502876,0.0024409003
ID_DJFCZY,0.0008858358,0.0057643424,0.0014588606,0.9918909
ID_DSPHUD,0.0005340558,0.99637944,0.00089567393,0.0021909007
ID_CIGUQR,0.99705887,0.00067365007,0.0016136278,0.00065393414
ID_DTOEMP,0.0013354537,0.0007881334,0.99705684,0.0008195537
ID_DQSPHV,0.00092194113,0.0024652032,0.0010160239,0.9955968
ID_DYYGRW,0.00087333744,0.00088357646,0.9973242,0.0009188017
ID_DUQOMR,0.0005342508,0.9964244,0.00086906564,0.0021722468
ID_DSBIZA,0.0005704572,0.0021923876,0.0009349107,0.99630225
ID_DYXRFB,0.015218163,0.0037918503,0.97735536,0.0036345825
ID_DZYFXF,0.00049437105,0.996012,0.0012020849,0.0022915876
ID_DZAKRS,0.00056350796,0.99588794,0.0010231645,0.002525365
ID_DPYKSG,0.003461919,0.00086832163,0.9947713,0.0008984147
ID_CMXVYQ,0.95073587,0.0030337942,0.043092478,0.003137856
ID_DVPYOJ,0.00053806405,0.99626154,0.00095786824,0.002242479
ID_CXKXTY,0.9976242,0.0005765846,0.0012028045,0.000596362
ID_EAPNYZ,0.0104657635,0.0014335096,0.9866077,0.0014930804
ID_DMOSUZ,0.001499843,0.00048975553,0.9975109,0.00049949845
ID_EBRDMD,0.008806534,0.0018319505,0.9874794,0.0018820456
ID_DPIERJ,0.9983296,0.0003746598,0.00090819865,0.00038751098
ID_EAPIEV,0.0005171473,0.0021670775,0.0008784057,0.99643743
ID_DZKIUK,0.00053238176,0.99627256,0.00094687496,0.0022482362
ID_ECKILA,0.0005114997,0.0022067998,0.0008253821,0.9964563
ID_ECPNHL,0.99280506,0.0013395366,0.0049899407,0.00086552586
ID_EGCJWN,0.0010448484,0.0008819735,0.9971607,0.00091253966
ID_EFKZYN,0.0006694959,0.0023942313,0.00089074566,0.99604553
ID_EDUVCV,0.021921394,0.0047306404,0.969165,0.004182897
ID_DESNNL,0.0009780914,0.0007595853,0.99747247,0.0007898674
ID_DKLXBK,0.0032464492,0.001170056,0.9943845,0.001199022
ID_EGRLRM,0.0005252032,0.99621683,0.0009015578,0.0023563656
ID_EFRAIW,0.00045078597,0.0004780654,0.99857664,0.0004944635
ID_DZCDNY,0.99894756,0.00033783642,0.0003652416,0.00034942455
ID_EHBSHA,0.00059807923,0.0022540288,0.0008854567,0.9962624
ID_DDERSC,0.99872285,0.00038906737,0.0004856666,0.00040241235
ID_EANLQD,0.0007267724,0.0006239834,0.9980003,0.00064885954
ID_DCSXUC,0.99852955,0.00039969716,0.0006573221,0.00041340676
ID_EBELWC,0.0005583831,0.99547404,0.0015013408,0.002466189
ID_EBAFVX,0.9964056,0.0011011924,0.0017719984,0.00072124775
ID_EJROPO,0.9985505,0.0003425243,0.0007526615,0.00035427287
ID_AYOAPD,0.989829,0.0016638124,0.0067862347,0.0017208819
ID_EJRTGT,0.0029964617,0.0009606805,0.99506134,0.0009814844
ID_EJUYIB,0.00054027693,0.9963391,0.0009396815,0.0021809975
ID_DAKOMQ,0.90666014,0.0057815867,0.08160838,0.005949936
ID_ENOODO,0.9956142,0.0011449895,0.0020566056,0.0011842626
ID_DDGNIM,0.9988469,0.000284103,0.0005751701,0.0002938477
ID_CJIVXL,0.0006116188,0.0005058168,0.9983594,0.0005231662
ID_ELCGSP,0.00056649046,0.99635506,0.00089682126,0.0021816576
ID_EKTTWX,0.002318596,0.007949754,0.0021682924,0.9875634
ID_ELWLMP,0.0005859329,0.0023668355,0.00080925744,0.996238
ID_ERUQTZ,0.026285963,0.0030649551,0.96746963,0.0031794445
ID_ESOHQM,0.00063338,0.0007418937,0.9978574,0.0007673413
ID_EJXDZM,0.9970409,0.00057760376,0.001784009,0.0005974161
ID_EGSYYO,0.00052287016,0.99600756,0.0010842205,0.0023852943
ID_EMAJOW,0.0011998955,0.00050244963,0.9977755,0.0005221522
ID_EWAEEB,0.000767376,0.0007137086,0.99778074,0.0007381895
ID_ELMXSH,0.0008477117,0.00054311054,0.9980434,0.00056568003
ID_ESCLBF,0.0007285986,0.0023866715,0.0008891547,0.9959955
ID_EKMJZC,0.00059129257,0.99601233,0.0011112003,0.0022852072
ID_ENGLHB,0.00059226225,0.023208957,0.00096433,0.97523445
ID_ENHCCD,0.0006204094,0.9959996,0.0009772425,0.0024027475
ID_EDWVNO,0.0029761423,0.0009039757,0.99517834,0.0009415412
ID_EWYNGD,0.009295852,0.0014635309,0.9877351,0.0015055452
ID_ERGQHM,0.52498263,0.0110129155,0.4526138,0.011390663
ID_EUHSAJ,0.00053505437,0.9961701,0.00089456816,0.0024002686
ID_EXIPCZ,0.0005691875,0.99621445,0.0008933769,0.0023229362
ID_FBVDCV,0.6876076,0.017394712,0.27700633,0.017991358
ID_EWXVSN,0.0005527897,0.002358593,0.0009115726,0.9961771
ID_EOMOBF,0.00057495834,0.004480982,0.0009695754,0.9939745
ID_EFHUUR,0.9951422,0.00081332633,0.003203205,0.00084122334
ID_EJEHKC,0.99237615,0.0007764888,0.0060442686,0.0008031223
ID_EYVEPQ,0.0004943896,0.002193731,0.0008059571,0.996506
ID_EYRGGZ,0.00052590406,0.9963924,0.00086081156,0.0022208805
ID_FDJQKW,0.0011268567,0.009194177,0.0017150032,0.9879639
ID_DRBNSZ,0.0054030824,0.00076595804,0.9930254,0.0008055354
ID_FGBIVM,0.00056891504,0.9962101,0.0009673396,0.0022536074
ID_FKSASE,0.00083557155,0.0007148017,0.9977063,0.00074329856
ID_FKCFBO,0.0016530928,0.0008854818,0.99654526,0.0009161699
ID_EWZCIA,0.00057031866,0.0021524527,0.0008601722,0.99641705
ID_EZJDLE,0.01578475,0.33667153,0.02113517,0.6264085
ID_FAMGIP,0.0005476824,0.9962807,0.0008859857,0.0022855462
ID_FGIJSX,0.00062238466,0.99602926,0.00093534956,0.0024130333
ID_DZTHPW,0.98750883,0.0014206842,0.009601076,0.0014694142
ID_FNIOOK,0.97889096,0.0032534348,0.014490633,0.003365029
ID_FOVLQW,0.0024963045,0.0012601587,0.99494016,0.0013033833
ID_EZTVQT,0.9962604,0.00047840836,0.002755418,0.00050582306
ID_EVQEWK,0.9973621,0.00045361233,0.0017151432,0.00046917165
ID_FHKIGB,0.9919185,0.0010558458,0.0059054713,0.0011202293
ID_FSYFIA,0.0006336105,0.9961398,0.00090770033,0.0023188195
ID_FRMCKJ,0.0030498249,0.0016882928,0.9935034,0.0017584506
ID_EXBCAT,0.00050674303,0.0022355877,0.0009787953,0.9962788
ID_FSVRAD,0.0005222641,0.002297973,0.0008288339,0.9963509
ID_FQEEFC,0.0010473761,0.008646896,0.0016947528,0.9886109
ID_FNCBDC,0.0006969957,0.002418832,0.00095016777,0.995934
ID_EWLDSP,0.0005920727,0.0021486678,0.0009128394,0.9963464
ID_FQMGPK,0.0005073612,0.99638605,0.0008751735,0.0022314284
ID_FNMLKG,0.9984957,0.00046604162,0.0005562653,0.00048202727
ID_FLPTMS,0.99570364,0.00035372772,0.003573595,0.00036901742
ID_GBCCNJ,0.011180279,0.00191982,0.984917,0.0019829322
ID_FSTZWF,0.00051621714,0.9962852,0.0009731287,0.0022254891
ID_GDAVXE,0.0011144808,0.0011160752,0.9966319,0.0011375821
ID_FUMEPV,0.0005304491,0.99627495,0.000942168,0.0022523962
ID_GAQOSA,0.00064443704,0.0022486413,0.00084851915,0.9962584
ID_GCQNBX,0.0006392447,0.995946,0.00096065283,0.0024540923
ID_FRTXEK,0.99404126,0.0009298434,0.0040671276,0.00096173695
ID_EUOCRC,0.9977093,0.00062200264,0.0010253188,0.0006433379
ID_EBWXAG,0.00041004,0.00051170064,0.99854624,0.00053210073
ID_FJZWNX,0.00076615496,0.0024714645,0.0010735926,0.99568874
ID_FXILGC,0.0005666545,0.9960977,0.0009426767,0.00239297
ID_FHIWZA,0.000640684,0.0024717946,0.0011957675,0.9956917
ID_GLDSLL,0.0014477918,0.0005945498,0.9973425,0.00061515486
ID_GMAGLB,0.0028879803,0.0016155643,0.99381375,0.0016827007
ID_EAWZFF,0.0011302861,0.00079924345,0.99725395,0.0008165515
ID_FYCAFU,0.00055344694,0.9963988,0.0008606816,0.0021870907
ID_GIUONV,0.008457673,0.0015864716,0.988335,0.0016208258
ID_GEIAET,0.00042210365,0.0004029051,0.9987583,0.00041672474
ID_GJDSLM,0.98717463,0.0019311475,0.008896823,0.0019973877
ID_GITYQY,0.0005864916,0.9962644,0.0008746978,0.0022743568
ID_GLCXOZ,0.09826488,0.005991314,0.8902284,0.005515419
ID_FWTBNG,0.0010223686,0.0010009151,0.99695647,0.001020203
ID_DEHZSK,0.99357986,0.0011091083,0.0041638473,0.0011471517
ID_GTODPC,0.010492385,0.0021867247,0.985098,0.0022228854
ID_GKGCDS,0.0016152059,0.0148782935,0.0018602052,0.98164624
ID_FVXHYB,0.9940672,0.0014265825,0.00303068,0.001475514
ID_GUQQOZ,0.010082488,0.0021891275,0.9851586,0.0025698063
ID_GSFJFC,0.007315294,0.19511764,0.011463673,0.7861034
ID_GVZZFW,0.0016296552,0.00072573003,0.996894,0.00075062254
ID_GGUPKG,0.99614954,0.000795443,0.0022323139,0.0008227267
ID_GPUNWD,0.000544182,0.99605584,0.0009779624,0.0024220226
ID_EUMUND,0.030538192,0.0034053132,0.9626008,0.00345566
ID_FYMQCV,0.9973023,0.0006599291,0.0013551718,0.00068256527
ID_GVPQXB,0.0005513348,0.0022461843,0.00083566655,0.99636674
ID_GWJDGL,0.0029098361,0.0021239659,0.9927804,0.0021858118
ID_FVYNDH,0.0011233366,0.003903634,0.0011854552,0.99378765
ID_HCHMLH,0.00058671826,0.9963169,0.0008854765,0.0022109114
ID_GUYLSW,0.0031617829,0.001044633,0.99471277,0.0010808363
ID_GZVBSJ,0.00064276747,0.99523455,0.0014311087,0.0026916075
ID_EHJZYV,0.9073098,0.005332677,0.08223613,0.0051214476
ID_GKKZPM,0.000552469,0.9958593,0.0011506424,0.0024376144
ID_GSOESB,0.000702013,0.0043739285,0.0010470113,0.9938771
ID_GDNXCQ,0.9941268,0.000754964,0.0043373806,0.0007808599
ID_GXSXOM,0.00090089516,0.0031837965,0.0009555434,0.9949597
ID_GUEYOJ,0.00052599586,0.0021801945,0.00095172634,0.9963421
ID_GXGVNB,0.00069621525,0.007802072,0.0013264617,0.99017525
ID_HFFTBQ,0.00050273293,0.0021690037,0.0008033136,0.996525
ID_GRTEMJ,0.00059390435,0.99537367,0.0015743992,0.002458036
ID_HCITXL,0.0005764876,0.9960116,0.0009589211,0.0024529668
ID_HGLFGL,0.00058168516,0.0023172784,0.0008548649,0.99624616
ID_GNHNVJ,0.9905301,0.0007204194,0.007997911,0.00075155846
ID_GOKJUH,0.9698111,0.0043442305,0.021569919,0.004274722
ID_HITNRL,0.0006840766,0.0009025097,0.99748456,0.0009287896
ID_HGWDFO,0.011837724,0.0043470482,0.9795319,0.0042834138
ID_HJNVPV,0.997297,0.00043159653,0.001825012,0.00044640066
ID_EWBQCC,0.98426926,0.0021560516,0.011344719,0.0022300058
ID_HIJDMN,0.00055345905,0.9964206,0.00085058855,0.0021753046
ID_HJFWMV,0.031834614,0.0041588107,0.9597837,0.0042229053
ID_EFLZAC,0.0013541976,0.0008041794,0.9970208,0.0008208291
ID_HDJRBM,0.0005844246,0.9960867,0.0010557835,0.0022730567
ID_GMYKDR,0.99893934,0.0002884757,0.0004737889,0.0002983707
ID_HLDEDL,0.00051340024,0.0022141663,0.0008855209,0.9963869
ID_HGAKXN,0.0005572717,0.99614006,0.001039908,0.0022627825
ID_GPZVGY,0.004245159,0.001037819,0.99364316,0.0010737862
ID_HECJPL,0.0005215025,0.0022082715,0.0010486192,0.99622154
ID_HHQNRS,0.0016082295,0.0009478895,0.99645823,0.0009856788
ID_HGSQFS,0.0005663282,0.002181916,0.0009027603,0.996349
ID_HJGLOZ,0.0065290597,0.9010215,0.008858832,0.083590634
ID_HRVNSM,0.000643029,0.9963006,0.00087553746,0.0021808604
ID_HMXDQX,0.0012361768,0.005367114,0.0017806533,0.9916161
ID_HGCFTR,0.0005516648,0.9957539,0.0013225196,0.0023718965
ID_FTAXBU,0.99652964,0.00070862897,0.002028846,0.0007329356
ID_HEJUMM,0.0006177407,0.0025631832,0.0011292568,0.9956898
ID_HHJOJF,0.008133444,0.0030792432,0.9858358,0.002951531
ID_HWYATC,0.0006201336,0.99592435,0.0009846617,0.002470919
ID_HPVLUO,0.00061439193,0.002147667,0.0008282893,0.9964096
ID_HQMIJT,0.000560492,0.99624735,0.0009017007,0.0022903965
ID_HSUKYJ,0.00059503666,0.9957248,0.0010656081,0.0026145247
ID_HWKIFI,0.005793787,0.8956853,0.0072533935,0.09126745
ID_HTVJNB,0.00056726456,0.9963289,0.0008742349,0.0022295667
ID_HEYXJI,0.9954021,0.001159296,0.0022395723,0.0011990609
ID_HZITJP,0.00057843805,0.9960426,0.00094814313,0.0024308544
ID_IAUNPQ,0.0012080458,0.0010873444,0.99657995,0.0011246413
ID_HMTIMT,0.9968791,0.00039776787,0.0023117224,0.0004114117
ID_IBODDC,0.0014735045,0.0009925242,0.99650735,0.0010265679
ID_HJRWRC,0.0005663241,0.002157799,0.0010494246,0.99622643
ID_HVISJK,0.00052192376,0.0021999623,0.0008816948,0.9963965
ID_IBKNZU,0.000519942,0.99629337,0.0008842977,0.0023023766
ID_IADKDN,0.00049224065,0.0021696202,0.0008682119,0.99647
ID_GLLBKQ,0.99778664,0.00067855563,0.0008329198,0.0007018307
ID_IBNEAO,0.0014294838,0.005209984,0.0019373293,0.9914232
ID_HTVKWC,0.0021762203,0.00730157,0.0023814442,0.9881408
ID_IGDVEU,0.0044127144,0.0021706184,0.9911991,0.002217623
ID_IEMAVT,0.025495483,0.0025179177,0.9693964,0.0025902009
ID_HYTXHX,0.0005248435,0.0022215678,0.0009377475,0.9963159
ID_IAYUXL,0.0005589104,0.99628204,0.0009955178,0.0021634842
ID_IEOLLX,0.8859619,0.011150424,0.09568293,0.007204715
ID_IBCCFS,0.00056779705,0.002418968,0.0009177528,0.9960955
ID_IDVKOX,0.0006406702,0.0005759382,0.9981845,0.00059889926
ID_IMWLHD,0.00096740486,0.0005864581,0.9978363,0.0006098385
ID_IKVUWD,0.98577696,0.0009220363,0.012294298,0.0010066855
ID_HXCRPH,0.0011487554,0.0010143876,0.99679476,0.0010421259
ID_GOLPVM,0.9942192,0.0010542494,0.0036361718,0.00109041
ID_IMSZXP,0.0005136196,0.9964604,0.00085062254,0.0021753914
ID_HAGLMG,0.995282,0.00084297033,0.0030075454,0.00086751644
ID_HMFMLT,0.9894342,0.0018267945,0.0075586354,0.0011803623
ID_IPNWJS,0.00050702965,0.0004603438,0.99855393,0.00047869646
ID_IQGRGJ,0.0005647712,0.9960233,0.0010946245,0.00231732
ID_INTDEO,0.994669,0.0004930761,0.0043147095,0.0005231427
ID_IRWALG,0.001608436,0.00072706887,0.99692696,0.0007375226
ID_HQJZSF,0.0005329571,0.008918329,0.0010591252,0.9894896
ID_HUFMBH,0.003718892,0.0020402863,0.9921691,0.0020717315
ID_IPIIVK,0.0006020462,0.003471164,0.00094964606,0.9949772
ID_IKMAKG,0.0005321419,0.996015,0.0011083066,0.0023445159
ID_IBDNAG,0.0011342337,0.0004999522,0.9978459,0.0005198839
ID_IQUWWF,0.000529795,0.0021716694,0.00084385247,0.9964547
ID_IIAVBJ,0.9797276,0.0016802413,0.016854316,0.0017378742
ID_ISGTTF,0.0013370389,0.0050963787,0.0020265123,0.99154
ID_IEHNEU,0.0010814188,0.00088433153,0.9971205,0.0009138122
ID_IWZSCD,0.008028741,0.0017314027,0.98844904,0.0017907897
ID_ITKBYB,0.9879099,0.0013527017,0.009424644,0.001312673
ID_IVTLDU,0.0005196967,0.99631256,0.00087234087,0.0022954228
ID_IVAWBE,0.0005722872,0.9962831,0.000874173,0.0022704096
ID_IQCHWD,0.000686794,0.00077384233,0.9977463,0.00079299917
ID_HLUGGK,0.9985617,0.00034260884,0.0007413217,0.0003543606
ID_JAVLTI,0.008680121,0.001255,0.9887828,0.0012820454
ID_JCPCLB,0.9777589,0.0016210125,0.01890621,0.0017139029
ID_IRJAOX,0.00053442555,0.9960907,0.0010226397,0.0023522284
ID_IPUTNF,0.00056713144,0.002153966,0.00096964574,0.9963092
ID_IZGKUA,0.00065620797,0.0029600395,0.00094329804,0.9954405
ID_JECZIE,0.0015904921,0.0012842285,0.99582255,0.001302693
ID_IXKYFH,0.002659562,0.7847737,0.004237475,0.20832923
ID_IZTUIX,0.94037944,0.0036530478,0.05210514,0.003862384
ID_HFCFFD,0.99797255,0.00034700337,0.0013215523,0.00035890588
ID_JDEOCS,0.0005961703,0.0006414048,0.998099,0.00066340494
ID_JIVAMT,0.002132822,0.0015354217,0.99474514,0.0015866084
ID_IYZNTX,0.00054999616,0.9963805,0.00087211584,0.0021973867
ID_JKVAAC,0.013950959,0.0036852034,0.9785523,0.0038116074
ID_JDCHUI,0.8728631,0.0036795214,0.11321949,0.010237843
ID_ISTTZD,0.9938472,0.0013082944,0.003498095,0.0013463901
ID_JEJIUK,0.0005245262,0.99634784,0.0009056743,0.0022220183
ID_IYVHTQ,0.0013225148,0.0007704665,0.9971059,0.00080118247
ID_JHDIEV,0.00089282746,0.0056571923,0.001114743,0.99233526
ID_IDTLQJ,0.9961916,0.000857304,0.0021188853,0.00083221303
ID_JHMOXA,0.9962388,0.0006153781,0.0025092862,0.0006364855
ID_IYSRIJ,0.00055182644,0.99581015,0.0013440724,0.0022939646
ID_JLFTVT,0.013331481,0.17739137,0.020810898,0.7884662
ID_JIXSST,0.0005623484,0.0029246039,0.0008262672,0.9956867
ID_IXPYEV,0.000534617,0.9959479,0.0010892185,0.0024283433
ID_IJLDZY,0.0010932892,0.0007999293,0.9972791,0.00082765217
ID_IEFQOC,0.0041625155,0.001923587,0.99192166,0.0019922801
ID_JRKXJK,0.0011005889,0.0010265948,0.99681205,0.001060819
ID_GXAHTP,0.89868075,0.0060386662,0.089066066,0.006214504
ID_HYWCAO,0.96197164,0.0022359758,0.03342829,0.0023641072
ID_IXCKHJ,0.96919316,0.0025049534,0.025644217,0.0026576994
ID_JMUPYH,0.0005915792,0.9962205,0.0009444298,0.0022435416
ID_JVEFEE,0.002358307,0.00085926184,0.9959,0.00088247535
ID_JLTBFO,0.00059400604,0.9961653,0.000949919,0.0022908652
ID_JXCFZG,0.00093228056,0.00073908124,0.99757046,0.0007581429
ID_JUVDVO,0.0009052003,0.0006639481,0.9977442,0.0006867221
ID_JTGTDT,0.0009235517,0.003586156,0.0010064415,0.9944839
ID_JXAXIB,0.00065256,0.9961171,0.0009146443,0.002315665
ID_JUHMAV,0.000598133,0.9957088,0.0010865328,0.002606474
ID_KEJCVV,0.022252437,0.0031215397,0.97137475,0.0032512567
ID_JXIJHK,0.0005236905,0.9964573,0.0008343357,0.0021846695
ID_KGGOYX,0.06439856,0.0026193685,0.9302863,0.0026958557
ID_HKLNTW,0.9792429,0.0026639088,0.015337874,0.0027552817
ID_JMGROA,0.00053842907,0.9959245,0.001135108,0.0024020118
ID_JODBGW,0.015537131,0.0049001263,0.97508293,0.0044798404
ID_KAWYYK,0.0022930452,0.0008706664,0.99593097,0.00090537744
ID_KKJRNI,0.00088555313,0.00059998693,0.99789387,0.00062056637
ID_JTSIEM,0.00054991257,0.9961359,0.0010294453,0.002284752
ID_JUQIPF,0.9010046,0.0041293134,0.090837464,0.004028648
ID_JOFKPL,0.9977786,0.000422427,0.0013620903,0.00043691616
ID_KIGPAK,0.0011976055,0.82950336,0.0018683298,0.16743071
ID_JNZOKX,0.0007439439,0.00041017303,0.9984274,0.00041847664
ID_KNUZPA,0.0010815043,0.001122222,0.9966293,0.0011669614
ID_ISPEXV,0.9968328,0.00045444252,0.002245051,0.00046767484
ID_KNLXQL,0.006277334,0.0019988755,0.9896563,0.002067437
ID_KLRPRZ,0.00038537692,0.0004295045,0.99874085,0.00044423688
ID_KGPLHC,0.0006329254,0.0024832196,0.0009581136,0.9959258
ID_KMJAIJ,0.0132124275,0.0043204008,0.97805506,0.0044120923
ID_KRNXGB,0.0018765804,0.0011385737,0.99581546,0.0011693692
ID_KSJZYW,0.0011338681,0.0009907832,0.99685055,0.001024767
ID_KPMQMU,0.005115935,0.0016422885,0.9915741,0.0016675988
ID_KCDUYG,0.0031774403,0.001345296,0.9940952,0.0013820841
ID_HRYIFA,0.9976974,0.0004701586,0.0013461466,0.000486285
ID_KIQVVD,0.0010975534,0.0007894595,0.9972907,0.0008222663
ID_KONGKK,0.0005361739,0.0022199904,0.00089635357,0.9963475
ID_KDUBNX,0.00046686866,0.0004228403,0.99867296,0.0004373437
ID_KVSAIV,0.0005306607,0.9963728,0.00090951327,0.0021869794
ID_KQZHKZ,0.002306621,0.00074630574,0.99617106,0.0007760589
ID_KRPYRQ,0.000536165,0.99607456,0.0009937801,0.0023955537
ID_KLVYAP,0.9984137,0.0002953086,0.0009855046,0.00030543792
ID_KRHOBX,0.000525274,0.9961308,0.0010701838,0.0022737093
ID_KYSBXX,0.00070558605,0.0008052741,0.99765176,0.0008373781
ID_KVSMTQ,0.0008926266,0.0024124708,0.00087507494,0.9958198
ID_KYHLUP,0.00056368334,0.9962664,0.0008663107,0.002303652
ID_KWOISI,0.00069112465,0.99571747,0.0010431875,0.0025482012
ID_KVGOQK,0.0032159397,0.0014028414,0.9939201,0.0014611378
ID_KZHWLL,0.0005033186,0.0022762336,0.00084390544,0.9963766
ID_LDRIRX,0.00071687356,0.0009636428,0.9973295,0.0009899933
ID_JWOPRN,0.99433655,0.00094777014,0.0037353374,0.0009802795
ID_KZTCIC,0.00053401676,0.99601585,0.000991587,0.0024585573
ID_JEQRYR,0.0032184403,0.0011504351,0.9944102,0.0012209101
ID_KVZAOY,0.0005078923,0.0021647534,0.0009271612,0.99640024
ID_LCBVPJ,0.0014929584,0.0058971727,0.0017540155,0.9908558
ID_LDNOVV,0.0006177592,0.0026652757,0.0010362938,0.9956807
ID_LCRGSC,0.00055945513,0.9962644,0.0009291652,0.002247026
ID_LFCWWU,0.0005136117,0.9964451,0.00087229715,0.0021689716
ID_LGKDBX,0.9854129,0.0013631292,0.012057363,0.0011666064
ID_LINAMW,0.005554785,0.0019169913,0.99057066,0.0019575204
ID_LFXTMI,0.0005634683,0.9958697,0.00104673,0.0025201172
ID_LINCBY,0.0023985459,0.0008612666,0.99584454,0.0008956025
ID_JBBPNR,0.9832897,0.002483108,0.011671877,0.0025552518
ID_LGFEKR,0.0005594998,0.99621993,0.0009543816,0.0022662098
ID_LIYLWT,0.0011517822,0.011308419,0.0018084688,0.9857313
ID_JIFUYY,0.80365837,0.011486005,0.17297564,0.011879985
ID_LDNFCA,0.9988826,0.0003341002,0.00043770505,0.00034556014
ID_LEYQFD,0.9803962,0.002546604,0.014423264,0.0026339537
ID_LHOFOL,0.00057220133,0.99471444,0.0009358893,0.0037774206
ID_LPZBKI,0.002758279,0.0015676825,0.99406356,0.0016105503
ID_LLVAJH,0.0014136671,0.000616066,0.997341,0.0006293411
ID_KIMKCB,0.010754479,0.002544323,0.984359,0.0023422264
ID_KYILXT,0.9898964,0.0019139937,0.006209974,0.0019796435
ID_LLPPYO,0.0013417959,0.013063194,0.0020601347,0.9835348
ID_LPMFGH,0.0005387743,0.996429,0.00085947156,0.0021727977
ID_JCQLQG,0.97476405,0.0043982803,0.016463181,0.0043745195
ID_KWQHIP,0.00710339,0.0020457802,0.98874986,0.0021010481
ID_LKQWDV,0.015210352,0.0056687635,0.97321653,0.005904332
ID_LQGGAD,0.0031140817,0.0009772198,0.994898,0.0010107383
ID_LUMPGJ,0.00053239067,0.99609536,0.00094846194,0.0024238494
ID_LJQFWN,0.00058033224,0.0021483437,0.0008171811,0.9964541
ID_LMPJDC,0.0005627979,0.002132877,0.0008216749,0.9964826
ID_LTOUMX,0.0006232993,0.003278343,0.000812858,0.9952856
ID_LRMWEM,0.0005854057,0.9962508,0.00086346385,0.0023003207
ID_LUJSLH,0.0005290012,0.99641633,0.00086588104,0.0021887235
ID_KKOBOD,0.00056634156,0.0004810379,0.9984524,0.0005002155
ID_MBFMSB,0.00057127204,0.9961253,0.0009044528,0.0023990232
ID_LZAUTA,0.0005749956,0.002274554,0.0009525301,0.9961979
ID_MDTLYS,0.00057489175,0.99624544,0.00089340465,0.002286187
ID_JCFYTI,0.0010190408,0.0008543442,0.9972664,0.0008601611
ID_LGZRGZ,0.00056093774,0.007188543,0.0010565497,0.99119395
ID_MFXZBJ,0.0032024295,0.0017100101,0.993353,0.0017345974
ID_MBGIRZ,0.0114673115,0.0038248457,0.98080164,0.0039062547
ID_KNZDMP,0.9969319,0.00070958736,0.0016245987,0.00073392614
ID_MCXYEF,0.99692327,0.00047749607,0.0021053231,0.00049387454
ID_MGUVTI,0.0005232226,0.9963977,0.00082950934,0.0022496262
ID_MDSGOA,0.0012286884,0.00089661253,0.99694234,0.00093235745
ID_LRVSVW,0.00053701026,0.9962058,0.0009735816,0.002283575
ID_LRWCUV,0.00045462215,0.00037150888,0.9987896,0.00038425162
ID_MCMKMO,0.00072542543,0.9952945,0.0012156111,0.0027644127
ID_JNLKEV,0.99247545,0.0018060983,0.0038504219,0.0018680482
ID_KWBWRZ,0.99713874,0.0007887192,0.0012567713,0.0008157722
ID_MGCBZX,0.99919754,0.0002629639,0.00026746947,0.0002719838
ID_MMGILS,0.0006168639,0.0021960386,0.00083659386,0.9963505
ID_MHBSUK,0.00059045304,0.9962405,0.00091782823,0.0022511673
ID_LWLEZI,0.0005161502,0.99615604,0.001081774,0.0022460443
ID_KSRKIN,0.99706393,0.0007139349,0.0014837115,0.0007384228
ID_MJDAET,0.00062847,0.955983,0.0009873605,0.042401172
ID_MRASAT,0.0037996105,0.0016172548,0.9929309,0.0016522764
ID_MNFODC,0.0005162299,0.9963097,0.000873139,0.0023008997
ID_MORRXV,0.0005754218,0.99621636,0.00089139305,0.0023168807
ID_MFBQPQ,0.0006291492,0.9960128,0.0009809923,0.0023771178
ID_LYLGTW,0.00072532526,0.99515706,0.0013336734,0.0027839
ID_MSKYZF,0.009581005,0.0039608884,0.9824362,0.0040219347
ID_MNFBKJ,0.000569997,0.0021636782,0.000823207,0.9964431
ID_MMPFYM,0.00063235086,0.99591786,0.0009981779,0.0024516718
ID_MPRONQ,0.0005334963,0.002259581,0.00084040686,0.9963665
ID_MNOFUX,0.00061560265,0.9960977,0.00090651575,0.0023801436
ID_MIZQYO,0.0005830951,0.0022463829,0.000912373,0.99625814
ID_MSTDFL,0.00064287725,0.0025912847,0.00088657474,0.9958793
ID_MUKHHA,0.0011250062,0.0010126905,0.9968149,0.0010474257
ID_MREXLF,0.0006317515,0.9960305,0.00092298776,0.0024147665
ID_MUOGLX,0.9272425,0.005060897,0.062462155,0.00523449
ID_MUJNJW,0.00109915,0.0033632147,0.0011394739,0.9943982
ID_MPKKUQ,0.00059742416,0.0021759267,0.00085660425,0.9963701
ID_MUIUQL,0.002130272,0.00090418174,0.99603003,0.00093551807
ID_JVLRWQ,0.99064356,0.0015290267,0.006245923,0.0015814728
ID_MXIYTV,0.000493396,0.0021445458,0.0007947603,0.99656725
ID_NCEMDY,0.001136267,0.009237049,0.0018241481,0.98780257
ID_MNKUZR,0.0005222784,0.9962238,0.0009924917,0.0022613911
ID_MXOEXX,0.0005742986,0.002223662,0.00091983477,0.99628216
ID_NAQYIP,0.004524015,0.6795374,0.0096353255,0.30630326
ID_JMFWFN,0.9959539,0.00094649405,0.0021206052,0.0009789587
ID_MSXYUE,0.00058317406,0.0021616586,0.00086216273,0.996393
ID_MXMLNF,0.0005031881,0.0022401696,0.0008794385,0.99637717
ID_NHJSDJ,0.0035556317,0.00096664764,0.99447787,0.0009998045
ID_NKRJRE,0.02159282,0.0012699728,0.97584844,0.0012887471
ID_MSTKSW,0.00064739725,0.9960318,0.0009908999,0.002329879
ID_LGFAYI,0.99514455,0.00044206652,0.0039561433,0.0004572298
ID_NLPICA,0.00076480984,0.00066125934,0.9978898,0.00068417663
ID_MZMTYP,0.0005338155,0.9962758,0.00090791425,0.0022824744
ID_NFLKEF,0.0005839966,0.0022434131,0.0008580753,0.9963146
ID_LYOJXP,0.00058108143,0.000728078,0.99794704,0.0007438442
ID_MUGCIL,0.000533268,0.0021749064,0.00087201217,0.9964198
ID_NGRGOW,0.00054027466,0.99576014,0.0009298067,0.0027697259
ID_MSZOIE,0.0011455326,0.0037979623,0.00150797,0.9935486
ID_NMOUMD,0.000571457,0.0021133693,0.00079651905,0.9965186
ID_NSTSNW,0.002757711,0.00091811205,0.99538124,0.0009429446
ID_NFNPRL,0.00053350546,0.99605525,0.00097287906,0.002438416
ID_NRSIYE,0.0005663731,0.0021820893,0.0008234647,0.9964281
ID_NMZZMM,0.0015334185,0.026545694,0.0023101303,0.96961075
ID_NBPVTP,0.0006117586,0.9956312,0.001134348,0.0026226672
ID_NDSJDA,0.004021919,0.0010284894,0.9938784,0.0010712288
ID_NHYWEN,0.0006655582,0.003748785,0.00093411864,0.9946516
ID_NNKBRS,0.9982357,0.0006041284,0.00053527305,0.00062485057
ID_NZBHZD,0.0005318694,0.0022564917,0.0008342338,0.9963774
ID_OGGKXA,0.0006028346,0.0023351044,0.00086347875,0.9961986
ID_NMGGYU,0.0013856319,0.98012596,0.0022954084,0.01619295
ID_NXBDAW,0.9310352,0.003533629,0.05559917,0.009831915
ID_NAHDLQ,0.99692374,0.0006205641,0.0018138075,0.0006418494
ID_NJLZUJ,0.00054325274,0.9962714,0.00097181037,0.0022135815
ID_NZMCVC,0.0006370786,0.9935301,0.0009514544,0.0048814337
ID_MOYCIS,0.0016904065,0.0007584804,0.99676657,0.00078449695
ID_OLFWUX,0.0007564692,0.0009437235,0.99732363,0.00097609404
ID_JNFGCU,0.0015503869,0.0010251048,0.9963797,0.0010448587
ID_ODOOCR,0.0005443226,0.996172,0.0009614991,0.002322227
ID_OMVAKT,0.0007806718,0.00052688614,0.9981475,0.0005449583
ID_NMPTSC,0.0011385476,0.0034959372,0.0011680088,0.9941975
ID_ORFPYF,0.00050809607,0.00060490816,0.9982704,0.0006165648
ID_OLWSVJ,0.00069658563,0.0025513794,0.0009244626,0.9958275
ID_OIJPYH,0.0005412562,0.9962525,0.00091111445,0.0022951246
ID_OJQATT,0.000715093,0.0023997577,0.00092702033,0.99595815
ID_MFNEMR,0.99805224,0.0004488188,0.0010347997,0.00046421372
ID_OGBSZV,0.0041676764,0.60353553,0.007298129,0.38499865
ID_MZJILQ,0.9973127,0.0004386477,0.0017949394,0.0004536937
ID_OTIEVR,0.000929091,0.0012461587,0.9965359,0.0012889032
ID_OPISVA,0.9882088,0.0011652525,0.009410315,0.0012156201
ID_OHNZBJ,0.0005550471,0.9962035,0.00094392383,0.0022975716
ID_OTMIGF,0.0009984955,0.0008528652,0.99726176,0.0008868666
ID_OGWZDU,0.0023063452,0.9543539,0.0036730515,0.039666705
ID_ORIXUZ,0.00060748187,0.9960717,0.0009551564,0.0023656385
ID_NTRKRJ,0.9677976,0.0019136685,0.025525823,0.0047629825
ID_OWPRUX,0.019086547,0.0017694647,0.9773372,0.0018068741
ID_ONFDRI,0.00056389987,0.0047439076,0.0009061542,0.9937861
ID_OTMNRG,0.00054119143,0.99613094,0.0009191375,0.0024087122
ID_PAIYWE,0.0018910451,0.001185332,0.99569726,0.0012264116
ID_OTAMKM,0.00068838376,0.00251571,0.001065305,0.9957306
ID_OVVPGU,0.0005850984,0.004793336,0.0008829366,0.99373865
ID_NXWSMB,0.001147645,0.0062752613,0.0020698588,0.99050725
ID_OPIJCZ,0.00067277387,0.0022559173,0.0009521324,0.99611914
ID_OUKSSJ,0.00059391954,0.9961702,0.00097145495,0.0022643826
ID_OTVREC,0.8357996,0.0040687067,0.15571883,0.0044128173
ID_PAOKRA,0.9934436,0.00078227615,0.004965065,0.00080910895
ID_LYDHSX,0.94283354,0.005468793,0.04604123,0.005656378
ID_OWQVGA,0.00069069146,0.9933066,0.0011226216,0.0048800767
ID_OJKWLR,0.0046111336,0.0018487115,0.9916257,0.001914465
ID_PBRNDT,0.00054067647,0.9963929,0.0008457599,0.0022206528
ID_PGOFPW,0.987035,0.0018482009,0.009155931,0.0019609006
ID_PDGUOD,0.001361181,0.011046811,0.0020341508,0.98555785
ID_PBXKUS,0.0007447275,0.0038280105,0.0011694736,0.9942578
ID_PHXPOD,0.0032325438,0.0016933401,0.99335575,0.001718375
ID_PGFAHM,0.0005170616,0.9964491,0.0008463381,0.0021874276
ID_PCHQSU,0.0005292528,0.99618226,0.0009977029,0.0022906947
ID_PGWIWQ,0.0005998869,0.9956279,0.0013001525,0.002472077
ID_LPZTPI,0.99342763,0.0011354039,0.0042626867,0.0011743482
ID_PIJZTT,0.0013627617,0.01009988,0.002252809,0.9862846
ID_PLZYXW,0.9697175,0.0022528905,0.02571114,0.0023184894
ID_PNFCKW,0.02804856,0.0023594354,0.96713054,0.0024614208
ID_PANQZY,0.97354716,0.0022622172,0.021850845,0.0023398132
ID_PICJTF,0.0005354386,0.9961171,0.0011456001,0.0022017914
ID_PDCTGC,0.0007107728,0.011309365,0.0010532418,0.9869266
ID_PLDVLB,0.0005854156,0.996243,0.000889211,0.0022823417
ID_PKQRMJ,0.00056269555,0.004261608,0.0008878917,0.9942878
ID_PKYMQI,0.9893596,0.00064296974,0.009317558,0.0006798147
ID_OVOOFO,0.00086998206,0.00067090517,0.9977615,0.0006976523
ID_NTGAWG,0.0008310022,0.00047024238,0.9982151,0.0004837421
ID_OCJFSP,0.99217284,0.0018169931,0.004130877,0.0018793168
ID_OZGWSO,0.00068977056,0.00059812795,0.99809676,0.00061529875
ID_PROOUK,0.0005567827,0.9960802,0.0009919167,0.0023710341
ID_PPKBLF,0.00057616364,0.9960377,0.0009922615,0.002393819
ID_OSGSTN,0.0006506634,0.00070724485,0.9979361,0.0007060171
ID_PUMIOI,0.9972287,0.00047508374,0.0018048043,0.00049137906
ID_PSQGYI,0.012819099,0.33958188,0.01807205,0.629527
ID_OMCGWZ,0.97208226,0.0029756182,0.021785036,0.0031570657
ID_PBXXTP,0.0006802946,0.0006498174,0.99799865,0.00067117956
ID_PPXPKV,0.0005728689,0.0023462316,0.0009337472,0.99614716
ID_PWDCFX,0.005819761,0.0019623467,0.99017406,0.0020438938
ID_PWBLRE,0.0010720416,0.001014977,0.99686325,0.0010497917
ID_PSWPIE,0.00053223595,0.996191,0.0009284104,0.002348342
ID_PRLKYI,0.11765751,0.005084557,0.87209505,0.0051629185
ID_PWPECK,0.00364216,0.0015582027,0.99321836,0.0015812404
ID_PUHXOV,0.0005169886,0.9963084,0.00087929476,0.0022952764
ID_PVGLHK,0.00051359215,0.9964071,0.00084725133,0.0022319895
ID_PVVNGT,0.00051362405,0.996469,0.0008595061,0.0021578583
ID_ORSALM,0.00046919863,0.00044834567,0.9986187,0.00046372434
ID_PXNHNU,0.0005568048,0.9961506,0.0009343624,0.0023582997
ID_PTTKUH,0.0029182525,0.0016568952,0.99373573,0.001689182
ID_PFCUWV,0.9975764,0.00048572637,0.0014354828,0.00050238724
ID_PVTQFI,0.00051996094,0.9963296,0.00087278435,0.002277692
ID_QAGXOK,0.00055758085,0.9963074,0.0008340451,0.002300991
ID_PVDPOY,0.00056532596,0.9963929,0.0009037433,0.0021380284
ID_PIAMAG,0.972385,0.0023710963,0.02279141,0.002452426
ID_PRKEKM,0.91344357,0.0049079414,0.07644127,0.005207216
ID_QETYTO,0.00054792175,0.0021358246,0.0008096817,0.9965065
ID_QBKVPR,0.00075092557,0.0004128476,0.9984151,0.00042106057
ID_NTHUOG,0.97097313,0.0028367955,0.023287043,0.002903016
ID_QKFDBL,0.0005746776,0.99612516,0.0009544628,0.002345738
ID_QAYMJX,0.013487609,0.0018809632,0.9826852,0.001946151
ID_QOCKYY,0.93723476,0.005893059,0.044748854,0.012123341
ID_QKHPMH,0.0005244697,0.9962406,0.0009359608,0.002298933
ID_QEBWST,0.00052206573,0.99616665,0.0009697003,0.0023415398
ID_PVFOBG,0.00078518013,0.00042788018,0.9983475,0.00043945303
ID_PPEGDJ,0.9988716,0.00032010532,0.000477178,0.0003310852
ID_QHHFWC,0.001237783,0.006947543,0.0021513803,0.9896633
ID_PWNDLE,0.00055074773,0.9957858,0.0013130483,0.0023503983
ID_QLOFSU,0.0005841301,0.0021499698,0.00079191773,0.99647397
ID_QTBPXG,0.014452135,0.0024763884,0.9805101,0.0025613282
ID_QNGYRG,0.9991304,0.00028648353,0.0002868165,0.00029630988
ID_PXYGZV,0.016714465,0.0051644435,0.9728448,0.005276282
ID_QJPPKT,0.0005462189,0.9958866,0.0013094646,0.0022577432
ID_QPQFUP,0.00056107587,0.99614835,0.00091390737,0.0023766637
ID_QLLZQZ,0.0005401069,0.002265058,0.0009160992,0.9962787
ID_QQBJRO,0.0005985889,0.0021801689,0.00085460057,0.9963666
ID_QKNHCR,0.0012555144,0.00077015674,0.9971775,0.0007968481
ID_OSWRUL,0.99843615,0.00028584796,0.0009798139,0.00029820332
ID_QXKVOW,0.0039771167,0.0014475655,0.99307865,0.0014966208
ID_QUMMZT,0.00064664247,0.99576473,0.0009821716,0.0026063866
ID_QTTMED,0.0005846429,0.0047073197,0.0008826978,0.9938253
ID_QTPUJG,0.0006664908,0.996051,0.0009422442,0.0023402912
ID_QRHEXN,0.00059358415,0.99597245,0.0010211549,0.0024128107
ID_QWHBRI,0.04199374,0.004718662,0.9487647,0.0045229523
ID_PBEPTC,0.00086441106,0.0007979437,0.9975243,0.0008133201
ID_QXLQMR,0.0005170194,0.9963678,0.0008719584,0.0022432294
ID_PTBYNC,0.9985886,0.00035120628,0.0006969038,0.000363253
ID_QVYSFM,0.00064058916,0.0030095163,0.00086961035,0.9954803
ID_QZGPGU,0.0005488808,0.996119,0.0009118129,0.0024203588
ID_QYBWII,0.0006820132,0.0022508304,0.0008622244,0.9962049
ID_QXSOBJ,0.0005950557,0.99616456,0.0009237442,0.0023166565
ID_QCDDTP,0.9864107,0.001834832,0.010563009,0.0011915262
ID_PDCVQE,0.000796882,0.0008304117,0.9975243,0.00084839464
ID_QWVCLM,0.0005785494,0.0025038817,0.00094974524,0.99596786
ID_QRGJTL,0.996563,0.00057064707,0.0022608575,0.0006054437
ID_QWQZCT,0.00061684573,0.9962386,0.0009355203,0.0022089705
ID_QZIMFY,0.0005836248,0.002927445,0.00090032537,0.99558866
ID_RBRTQO,0.0005162686,0.99632853,0.00092515274,0.0022300964
ID_RDHURE,0.8404197,0.008448526,0.14215736,0.008974437
ID_RCYKMF,0.00057686266,0.99625754,0.0008640884,0.0023014818
ID_RAWHIQ,0.00062576466,0.002280177,0.0008914428,0.99620265
ID_RFKKZX,0.024893887,0.0042310585,0.96657884,0.004296268
ID_QSVRON,0.9963386,0.0005238194,0.002581863,0.0005557607
ID_RCRXQD,0.00052000314,0.9964104,0.0008728552,0.0021966754
ID_QZAJWB,0.0005974771,0.9960821,0.0010040007,0.002316465
ID_RCUVRF,0.0005492557,0.99639505,0.00086866715,0.002187028
ID_QSESQA,0.941709,0.003267575,0.05164383,0.0033796544
ID_QURHKE,0.00053666375,0.9959699,0.0010837757,0.0024097254
ID_RKQIFO,0.005520169,0.0009971921,0.9924585,0.0010241319
ID_REMOGV,0.00059034285,0.004741514,0.0008481316,0.99382
ID_RIAKBG,0.006580069,0.000998816,0.9913953,0.0010258313
ID_RGJGFW,0.0006021098,0.0021267114,0.0008459232,0.9964252
ID_RGWSWF,0.0005926627,0.002124908,0.0008151079,0.99646735
ID_RMTSMJ,0.044472706,0.0038719245,0.9477278,0.003927595
ID_RHIKBI,0.006391227,0.0014878219,0.9905929,0.0015280637
ID_RJKRIP,0.0013751423,0.0050441436,0.0020078286,0.99157286
ID_RKOHFR,0.00062375306,0.026457654,0.0010154542,0.97190315
ID_RCJRPR,0.00056422554,0.008065552,0.0009855732,0.9903846
ID_REULJL,0.0005438126,0.9963217,0.000933207,0.0022013134
ID_ROIPLG,0.0010084707,0.0010146882,0.9969217,0.001055141
ID_RIKUDS,0.0005399801,0.99613404,0.0009934373,0.0023325214
ID_ORCSSL,0.0052842996,0.0020298094,0.99062246,0.0020633747
ID_RGTTHZ,0.997012,0.00046559062,0.0020407804,0.0004815608
ID_RPPEEI,0.0037910696,0.013313815,0.005966869,0.97692823
ID_ROCPLC,0.00059162086,0.0030132006,0.00085469446,0.99554044
ID_RNXHHA,0.00059071253,0.0022063435,0.00089718244,0.9963058
ID_RRBFNL,0.030553782,0.003480486,0.96245503,0.003510719
ID_RUCXQY,0.0006140229,0.0004968688,0.9983752,0.00051391136
ID_REYPNJ,0.0021470257,0.0055244714,0.0024057303,0.9899228
ID_RSCGZV,0.0022648252,0.98188823,0.002358672,0.013488307
ID_RSUGXE,0.0039024637,0.001567767,0.99289685,0.0016329171
ID_RLMZSH,0.0005267247,0.99627125,0.0009347501,0.0022672853
ID_PRMQOT,0.976192,0.004763704,0.014117189,0.0049271034
ID_RRGPYK,0.00054447085,0.0022783983,0.00090825703,0.99626887
ID_RUQJUY,0.0005583262,0.004491888,0.00089717546,0.9940526
ID_RRPSJN,0.00059585966,0.003519039,0.0009255888,0.9949595
ID_RRAGGS,0.00090254075,0.0032955892,0.00092560594,0.9948763
ID_MLTJOR,0.0047857137,0.0008124966,0.99356115,0.0008406553
ID_RYQIJC,0.005686515,0.0019689808,0.99029374,0.0020508033
ID_SAUEVY,0.0072218757,0.0040806574,0.98449796,0.004199479
ID_RRNXWU,0.0007435097,0.987909,0.0010615361,0.0102859065
ID_RMLFIJ,0.002777756,0.8178033,0.005117538,0.17430137
ID_RWUAEX,0.0005457187,0.0023846815,0.0008705055,0.9961991
ID_RMWWZJ,0.000596915,0.9960157,0.0010438373,0.0023434625
ID_QTNNPA,0.0004669499,0.0004713502,0.9985715,0.0004901416
ID_QZDQPX,0.9968658,0.0004503378,0.0022180562,0.00046578477
ID_RUVILG,0.0058833673,0.0017546157,0.9905703,0.0017917112
ID_RTTNZC,0.0005161729,0.9961998,0.0010035683,0.0022804933
ID_SFVMMH,0.0072599007,0.001703127,0.9892659,0.0017710259
ID_RWIORE,0.00051585416,0.0005371782,0.99839133,0.00055560336
ID_SBEIYW,0.00062470883,0.0021495945,0.0008103291,0.9964154
ID_SCHCGB,0.0005451981,0.9960872,0.0011257137,0.002241924
ID_SDLDMV,0.0006414639,0.027014181,0.0009518979,0.97139245
ID_SGNHCD,0.0012960976,0.0007557944,0.99716216,0.00078592583
ID_RUTEEA,0.0041073505,0.000999512,0.993859,0.0010341521
ID_SHDIID,0.0006359628,0.9959771,0.0009454578,0.0024414929
ID_RYQIAU,0.00048937486,0.0022030564,0.00088093814,0.99642664
ID_SIFZMG,0.9975842,0.00037167256,0.0016563431,0.00038773793
ID_RBPJIE,0.99293303,0.0017657864,0.0034748223,0.0018263536
ID_RSOEDW,0.00055888295,0.99623305,0.0010217715,0.0021863463
ID_RWROAQ,0.0005263567,0.99619305,0.0010241448,0.0022564777
ID_SHDKUX,0.0005505102,0.99600714,0.0009865134,0.0024559086
ID_SOEIUE,0.16960785,0.00395291,0.8224772,0.003962057
ID_RXLXBE,0.0006331765,0.0033546118,0.0011042267,0.9949079
ID_QRZZWA,0.9847193,0.0013122354,0.012611252,0.0013572462
ID_SFBLCM,0.0013547399,0.000524136,0.9975836,0.00053743995
ID_SICHIC,0.00054722873,0.9656243,0.0008933081,0.032935165
ID_QSGSHH,0.99791664,0.00058140024,0.00090062385,0.0006013422
ID_SNMASC,0.000533522,0.99619967,0.0008909167,0.0023758458
ID_SEZDZP,0.000571593,0.002221111,0.0009527931,0.99625444
ID_SLMYSY,0.000641898,0.0040606153,0.001051309,0.9942462
ID_SLMINA,0.00092477235,0.9161099,0.0015043556,0.08146092
ID_SXADNZ,0.07278836,0.0029847678,0.92113066,0.0030962632
ID_SFUMKA,0.00060773693,0.0005083501,0.9983581,0.00052578695
ID_RGCNWA,0.9986777,0.00039332468,0.00052210724,0.00040681608
ID_SVISXU,0.0047505246,0.0014323619,0.99234605,0.001471058
ID_SLSSUE,0.98585063,0.0017983541,0.0104910275,0.0018600392
ID_SNITZY,0.0005773174,0.9962017,0.00090974045,0.002311226
ID_SXADYW,0.0071270624,0.0018787741,0.9890777,0.0019165551
ID_TAXEGB,0.0010738428,0.0005434105,0.99782073,0.00056205
ID_SHQXHO,0.003404264,0.00071887876,0.99512804,0.00074875244
ID_PZGLVE,0.0014728304,0.0013452942,0.9957904,0.0013914377
ID_TEJVIO,0.0111764,0.0014215142,0.98597115,0.0014309059
ID_SUBIBF,0.00056291174,0.9959264,0.0012500193,0.002260729
ID_RWYITO,0.9988871,0.00025627195,0.0005915882,0.00026506203
ID_STTQTU,0.040574025,0.0038589041,0.9515704,0.0039967108
ID_THGEGJ,0.97337836,0.002339934,0.021861479,0.0024201958
ID_SJMQBD,0.00056092,0.0024833095,0.00103186,0.9959239
ID_SUBJSJ,0.0035775125,0.0016508831,0.99325377,0.0015178024
ID_TBIUHC,0.0005273053,0.99636793,0.00083840796,0.0022662892
ID_TJNQXM,0.0036228008,0.0009050954,0.99453604,0.00093614095
ID_SMBIHP,0.0005374208,0.99584997,0.0011159442,0.002496678
ID_SXCZVK,0.0006084941,0.0022338843,0.0008476091,0.99630994
ID_SZMORK,0.00052219915,0.9961922,0.00094263395,0.0023428875
ID_RVUZXG,0.9916432,0.0010006751,0.006321221,0.0010349983
ID_SXNPKC,0.00063257094,0.9954411,0.0013048768,0.0026214037
ID_SPXUQR,0.99190813,0.000904825,0.006251207,0.00093586126
ID_TFOYNB,0.0020289167,0.00092214375,0.9960949,0.00095410255
ID_STAGDU,0.0005605568,0.9962076,0.00097462203,0.0022571553
ID_TQWIDM,0.0008996672,0.99392384,0.0014602831,0.0037162397
ID_TFMMKM,0.0011057062,0.029331442,0.001954186,0.9676087
ID_TIVDWG,0.0005669742,0.0025719677,0.0010036444,0.9958574
ID_TIKKOC,0.9940726,0.0004448416,0.0050122347,0.00047033277
ID_TMGNTU,0.0006050826,0.0021888376,0.0008241371,0.9963819
ID_THXTJN,0.0005343201,0.0021669453,0.0009219847,0.9963767
ID_SCGIJI,0.0009017476,0.0007376127,0.9975975,0.00076317624
ID_SUTSJH,0.0006384236,0.99536324,0.0015318288,0.0024665224
ID_SPALGS,0.0005550234,0.0023125755,0.0010660662,0.9960664
ID_TVVOGT,0.99194276,0.0011744002,0.005636801,0.001246013
ID_TUTHLI,0.0013511059,0.005131502,0.0019430132,0.99157435
ID_TTRXNQ,0.0005893918,0.9962549,0.000904517,0.0022511238
ID_TTFIOX,0.0006206867,0.9963954,0.0008578229,0.0021261144
ID_TDWDXA,0.0005383571,0.9960031,0.0011117443,0.0023467818
ID_TSSLAD,0.9935939,0.00095477415,0.0044637993,0.0009875229
ID_TKNLZJ,0.010240128,0.001549737,0.986618,0.0015921148
ID_TBMOOG,0.0006027186,0.0021493773,0.0009332,0.9963147
ID_TVDXTF,0.00060980226,0.002190379,0.0008310674,0.99636877
ID_TWVGUH,0.00061322056,0.0021588204,0.0008084328,0.99641955
ID_TXPIAA,0.0019509773,0.35707173,0.0033563906,0.63762087
ID_UAVUGI,0.00063294347,0.0022287962,0.0008042028,0.9963341
ID_UBEWPC,0.0007374904,0.0009184972,0.99740785,0.00093619677
ID_UAZQTA,0.001129964,0.0008421061,0.9971522,0.00087567815
ID_UBLPMY,0.0006168146,0.9959299,0.0009692969,0.0024839689
ID_UBTHLE,0.00068427477,0.0023744456,0.0009003531,0.99604094
ID_UABYGB,0.028582826,0.00246093,0.9664573,0.0024988581
ID_TNTYMU,0.73167074,0.010262049,0.24745317,0.010614041
ID_UARLKT,0.0006011221,0.0023121468,0.0009304999,0.9961563
ID_UFBZOV,0.0005612814,0.9959403,0.0011589221,0.0023394912
ID_UGKPXK,0.0006119348,0.0022681062,0.0008438219,0.99627614
ID_TZWFLT,0.0005596854,0.99622405,0.0010046293,0.002211688
ID_UIFJLE,0.0005657365,0.00048919686,0.99843913,0.0005059763
ID_UIJZCT,0.9589473,0.0029459235,0.035059877,0.0030469713
ID_TZTWZL,0.9944629,0.0005819015,0.0043532625,0.00060186064
ID_TRZMLZ,0.013983518,0.0021065194,0.98189074,0.002019151
ID_UFGHMX,0.0005715934,0.0022161126,0.00089829206,0.996314
ID_UJTQRO,0.000581646,0.9962375,0.00087477267,0.0023060557
ID_SRRBVW,0.9899713,0.00073125813,0.0085215485,0.0007758485
ID_UHCXKF,0.0006069281,0.99610835,0.0009707339,0.0023139801
ID_UGFAUT,0.0005573559,0.0024396412,0.0009860812,0.9960169
ID_UOSZZU,0.00073123,0.0005621186,0.99812526,0.00058139977
ID_UJNKSW,0.00056633056,0.002176528,0.0009038638,0.99635327
ID_UMZXKJ,0.0012348037,0.00073787523,0.9972752,0.0007520942
ID_UDICHC,0.0005853134,0.0021870825,0.0009322883,0.9962953
ID_UMYAFU,0.00058975077,0.0047426783,0.0009832504,0.99368435
ID_RBVWUL,0.99865437,0.0004270271,0.00047691975,0.00044167452
ID_UVEWHH,0.0007117624,0.00066250167,0.99794894,0.00067684846
ID_ULZRVC,0.0005623796,0.0022029853,0.00083672575,0.99639785
ID_TWFOOH,0.995477,0.0007455127,0.003061509,0.0007159823
ID_URMZQG,0.0005852777,0.99624676,0.00089799677,0.0022699395
ID_UPIUVM,0.00052300113,0.99625707,0.00092893915,0.0022910098
ID_UJWTRH,0.00057523506,0.0021847435,0.0009622223,0.99627775
ID_UUMDMC,0.0005392616,0.99607325,0.0009959016,0.0023916517
ID_TAXRNS,0.9954306,0.0009675774,0.002601068,0.0010007662
ID_ULYCLD,0.0018507404,0.03776831,0.0030697726,0.9573112
ID_UWFKLU,0.01872668,0.16248547,0.022958007,0.7958299
ID_UWBLYI,0.0005199496,0.99630785,0.0009344136,0.002237823
ID_UXNIQI,0.0025171032,0.0007926269,0.99587125,0.00081905123
ID_UOOAPA,0.99842095,0.00030966452,0.0009490648,0.00032028632
ID_URPUJI,0.0014899325,0.0055907145,0.0018474958,0.9910719
ID_VAESYJ,0.000560178,0.0044305343,0.0008751195,0.9941341
ID_UOIPKJ,0.0005571459,0.0023547695,0.0010236688,0.99606436
ID_UYRVKP,0.0015073671,0.020898128,0.0028923913,0.9747021
ID_UBVZZX,0.9892709,0.0019086297,0.006846296,0.0019740975
ID_VAYSCY,0.008278316,0.07471682,0.013718085,0.90328676
ID_UZDQMH,0.9794368,0.0027729569,0.015084892,0.0027053575
ID_VFAACQ,0.0021161123,0.0012529499,0.99535143,0.0012794399
ID_VFJROL,0.98568165,0.0010626737,0.01212823,0.001127473
ID_VCUOUA,0.99778193,0.0004625993,0.0012769975,0.00047846642
ID_TWHCGX,0.9985683,0.00037716096,0.00066437805,0.00039009756
ID_TTRXDO,0.9975133,0.0004941697,0.0014814569,0.0005111202
ID_UZCADS,0.024769858,0.002032919,0.9711213,0.0020758992
ID_UHJIFJ,0.9927757,0.0010941209,0.0050681047,0.0010620999
ID_UYOVRS,0.0005510263,0.99600345,0.0011208736,0.002324597
ID_UTASYL,0.990442,0.0020119832,0.0054649613,0.0020809951
ID_VMJTGH,0.0014617628,0.0010245794,0.99644655,0.0010671562
ID_VIFPQA,0.0005342764,0.9963971,0.0008861948,0.002182505
ID_VHSOVP,0.000625884,0.0022806118,0.0009094928,0.99618405
ID_TRMAWK,0.99364895,0.0009839264,0.004349415,0.001017676
ID_VIJQDQ,0.00051651086,0.9963626,0.000885192,0.0022356967
ID_VMCDLK,0.0005611451,0.99633384,0.00088321266,0.0022218293
ID_VBVWJD,0.9978903,0.0004603824,0.0011732061,0.00047617347
ID_VRFSBR,0.0005195504,0.99632746,0.00085928646,0.0022936617
ID_VRIWON,0.0005230088,0.9962717,0.0008779,0.0023274028
ID_TNDXKP,0.00041301717,0.00051495805,0.9985366,0.000535488
ID_VMZNWI,0.0006411009,0.99615353,0.00091993704,0.0022854386
ID_VOMBSI,0.0005716446,0.0021833356,0.00084178743,0.9964032
ID_VPNYMF,0.009573875,0.0036483079,0.983304,0.0034738292
ID_VRTYHC,0.0005035859,0.0021636563,0.00081091584,0.99652183
ID_VWSOLR,0.00403553,0.0013900807,0.9931613,0.0014130665
ID_VWQBGB,0.045077078,0.0042982358,0.9461478,0.004476853
ID_VUFSVO,0.00060439325,0.0021692032,0.00082405977,0.9964024
ID_VFYRUF,0.00054201554,0.9959557,0.0011316522,0.002370706
ID_VEGQTZ,0.99836797,0.00039108115,0.00083644944,0.0004044952
ID_VVEYSN,0.011118598,0.0018647745,0.9851125,0.0019041989
ID_WACWNE,0.00058841764,0.002316312,0.00088127906,0.996214
ID_WBMCVM,0.0017310107,0.0010945037,0.9960425,0.0011320449
ID_VLTTHY,0.0005512435,0.9958578,0.0011436653,0.002447325
ID_VIFMCA,0.9842935,0.0013583256,0.01294323,0.0014049159
ID_WERGBL,0.0009947788,0.0010530571,0.996863,0.001089177
ID_VEULTD,0.0012892412,0.00048399094,0.9977323,0.0004944206
ID_TMLHZP,0.98979,0.0016891866,0.0067736595,0.0017471263
ID_VSEPYP,0.00090388337,0.0023332466,0.0009404589,0.9958224
ID_WCZJPK,0.000541503,0.0067402227,0.0009420529,0.9917762
ID_WECZXK,0.0011311215,0.0034651323,0.0011665409,0.9942372
ID_WAZIVO,0.000516236,0.99632156,0.0009731642,0.0021890746
ID_WBMMPZ,0.9970277,0.00050088554,0.0019533506,0.00051806646
ID_WKPTIB,0.0031163683,0.0016630286,0.99352247,0.0016981877
ID_SZOAOB,0.98693687,0.0015521669,0.009905535,0.001605406
ID_SDQRVB,0.0035318506,0.0010908521,0.9942638,0.0011134361
ID_WKYNLU,0.0009536437,0.0009712422,0.99707055,0.0010045557
ID_WFREVI,0.00056761305,0.0022256547,0.00086124474,0.99634546
ID_WLOGEG,0.99872667,0.0003718807,0.0005167821,0.00038463654
ID_WIGQLP,0.00057574746,0.9963762,0.0008831163,0.0021649685
ID_WFEQIT,0.0005588135,0.99623233,0.00097375375,0.002235154
ID_VIVXIR,0.0009277757,0.0006677042,0.9977102,0.0006943237
ID_WLAYJI,0.002161065,0.0060448064,0.0021249603,0.98966914
ID_WGEOSC,0.0005176552,0.0021498376,0.0009198456,0.9964127
ID_WHNZHM,0.00052673597,0.99629253,0.00094648544,0.0022342748
ID_WLNQUD,0.002842331,0.0011478093,0.99483997,0.0011699279
ID_WITXOA,0.00059642835,0.9944707,0.0009784484,0.0039544655
ID_WNJPFT,0.97617435,0.0017101677,0.020307284,0.0018081681
ID_WJYUAL,0.000530016,0.99628216,0.0009190894,0.002268727
ID_WPGKPU,0.0005980016,0.9959882,0.00096753973,0.0024462081
ID_WMWSQL,0.00068597635,0.002329103,0.00086786685,0.9961171
ID_WTYLTM,0.006683104,0.002252362,0.98877746,0.0022870759
ID_WNMRRC,0.09416333,0.0047567575,0.8963928,0.0046871263
ID_WTODMY,0.00055432617,0.9962179,0.00091804075,0.0023097023
ID_WSMTLV,0.00055901334,0.99646544,0.00081764406,0.0021578507
ID_WLRZRX,0.0010216747,0.9043344,0.001760489,0.09288338
ID_UVZRRF,0.98829544,0.00087943696,0.009915604,0.00090960244
ID_WUSJAO,0.00062857877,0.0047760573,0.0009213258,0.99367404
ID_WSIIFG,0.00060784863,0.0056834314,0.0011550199,0.99255365
ID_WCKSIF,0.0019610317,0.0008697512,0.99626935,0.0008998942
ID_WTJDCG,0.00056348025,0.99637294,0.00086674216,0.0021968232
ID_XAJLRM,0.0005806104,0.99589694,0.0012583741,0.002264123
ID_WHIUUU,0.9963218,0.00078494445,0.0020813593,0.000811868
ID_WZCZVF,0.017237008,0.25867188,0.025170052,0.698921
ID_WFFAQL,0.99434197,0.0012768571,0.0030604717,0.0013206531
ID_URHMNJ,0.9933897,0.0014474472,0.0036657369,0.001497096
ID_TMSZTO,0.93984413,0.010369497,0.039114952,0.010671438
ID_XBBAGH,0.004923187,0.001951688,0.99114335,0.0019817676
ID_XBLBFN,0.0006015473,0.0025370254,0.0009336903,0.99592775
ID_WLADEH,0.00069108856,0.0004238365,0.99844676,0.00043837403
ID_WWVJZB,0.00067458645,0.0029369579,0.00096892304,0.9954195
ID_XFWNKY,0.027279468,0.0015221233,0.96962154,0.0015768895
ID_XCLVYX,0.00052589085,0.99636745,0.00087362115,0.0022330408
ID_XGBUNW,0.0024833342,0.0014113239,0.9946353,0.0014699721
ID_WWPMSP,0.00055973936,0.9958189,0.0012515687,0.0023698355
ID_XDFTZZ,0.0005507519,0.0022686312,0.00084593915,0.9963347
ID_WUGFVI,0.0005542422,0.99613345,0.0010687781,0.0022435319
ID_WSWMZK,0.0006126872,0.0023925907,0.0010572342,0.99593747
ID_WIUMTC,0.9986243,0.00034200354,0.0006799036,0.00035373456
ID_XFSLFU,0.97999096,0.0025299292,0.0148624005,0.002616707
ID_XEVQHX,0.00056221493,0.0022746546,0.00087035744,0.99629277
ID_VQAROW,0.9913713,0.0012977584,0.00598866,0.0013422727
ID_WYUYMY,0.0005614362,0.9960716,0.0010586642,0.0023082877
ID_XAZALC,0.014293117,0.37580332,0.02094445,0.5889591
ID_WOZQOQ,0.98676634,0.0015909455,0.010614824,0.0010279713
ID_XGFKEN,0.0069586914,0.0014206828,0.9901507,0.0014699193
ID_VHVEKC,0.9749409,0.0015227925,0.021961303,0.0015750248
ID_XBWYVZ,0.00072545314,0.0005182449,0.99822,0.00053620554
ID_XIIOWV,0.0005635571,0.99601376,0.00091417617,0.0025085756
ID_XJYLRF,0.0005135831,0.99638945,0.0008801743,0.0022167985
ID_XPHJMZ,0.0005403352,0.9958717,0.00097646815,0.0026114252
ID_WEKMZT,0.7984136,0.0067436663,0.18786775,0.00697498
ID_XLDVCN,0.0005643203,0.0022132753,0.0008280689,0.99639434
ID_WXZKFS,0.9968796,0.00072151684,0.0016526525,0.0007462656
ID_XNGQBZ,0.9952857,0.00047799046,0.003741901,0.00049438543
ID_XHTZCI,0.00085585116,0.9955676,0.0010306743,0.0025458774
ID_XDMVMM,0.000526415,0.99589396,0.0012861456,0.0022935078
ID_VLJTAB,0.99821943,0.0005728682,0.0006151356,0.00059251755
ID_XLUWLV,0.0006556308,0.0022609201,0.0008220955,0.9962613
ID_XOQVRA,0.00060051976,0.99578226,0.0009978274,0.0026194316
ID_XXVUFS,0.9596953,0.0017455651,0.036753785,0.0018054388
ID_XSCGKH,0.00056556985,0.996234,0.0008675376,0.002332907
ID_XUKBYU,0.00050655723,0.996342,0.00086235866,0.002289033
ID_XGJMZC,0.00059449946,0.0023893754,0.0010536086,0.99596256
ID_XYZFLF,0.01097268,0.0025001226,0.9839886,0.0025386547
ID_XXPAOD,0.0005492613,0.0033255275,0.0008354847,0.9952897
ID_XTJPEO,0.0012445052,0.99137807,0.002196922,0.005180545
ID_XXYDBQ,0.000493127,0.9964646,0.0008693494,0.0021729434
ID_XYVFYX,0.0006522851,0.0023399873,0.0008618872,0.99614584
ID_YBEXJU,0.00402132,0.0012101,0.99352574,0.0012428294
ID_XZBUJB,0.0005443768,0.9959643,0.001203211,0.0022880596
ID_YAUXJL,0.0005456646,0.99611926,0.0009105288,0.0024245572
ID_XYJZIJ,0.00059627695,0.9957,0.0011475085,0.0025562958
ID_XVKNSD,0.00058665796,0.0040073534,0.0010998694,0.99430615
ID_YGISHC,0.0016702409,0.0012395142,0.99580824,0.0012820296
ID_XLDPZS,0.9956102,0.00042133572,0.0035374125,0.00043114438
ID_YBNOYC,0.0005644035,0.9963051,0.00088610366,0.002244357
ID_YAUMQG,0.9453659,0.0037006412,0.047105886,0.0038275765
ID_XXEXGF,0.008898454,0.0018134773,0.98750114,0.0017869307
ID_XIEMWG,0.0013774513,0.0009703168,0.99666315,0.000989015
ID_YMUIJN,0.9973822,0.00034050355,0.0019159546,0.00036126663
ID_XHBQPF,0.98976785,0.0007334501,0.008740123,0.00075860735
ID_XDCBML,0.000541018,0.0005245836,0.9983918,0.0005425773
ID_YENVJG,0.00055170944,0.0045100837,0.000906052,0.9940322
ID_VOHMHD,0.9825067,0.00094472273,0.015549739,0.0009988596
ID_YOZYCT,0.0005208447,0.99642915,0.00084077957,0.0022092864
ID_YIPVQW,0.0005126625,0.0021939992,0.00083172636,0.9964616
ID_YNVASN,0.002511911,0.0007598452,0.99593806,0.0007901377
ID_XREJEU,0.0030357575,0.008979585,0.0029582484,0.9850264
ID_XRZHAV,0.0052259886,0.00138366,0.99195874,0.001431613
ID_YKYPOY,0.0006034229,0.99612707,0.00095297483,0.0023165694
ID_YNYVDX,0.00046469443,0.0004711286,0.99857426,0.00048991095
ID_YUEGJH,0.0009915401,0.0005025058,0.9979888,0.00051713805
ID_YMVRHW,0.9798925,0.0018417526,0.016360762,0.0019049254
ID_YRGNQU,0.0008417717,0.007525478,0.0014413787,0.99019134
ID_XZGAZR,0.0007483229,0.0007197272,0.9977983,0.00073359645
ID_YQOIHQ,0.00053225213,0.9962213,0.0009607809,0.0022856889
ID_YWABZN,0.0110104615,0.004110914,0.9809382,0.0039404114
ID_YXBJNZ,0.0015696911,0.0011038628,0.9961767,0.0011497348
ID_YTKUUL,0.009364615,0.0021391308,0.98632413,0.0021720994
ID_YDZRTT,0.0009994203,0.0027034641,0.0010888095,0.9952083
ID_YPEUWH,0.011278301,0.0044807615,0.9801445,0.0040964447
ID_YVMIEX,0.0005123257,0.002614859,0.0009571112,0.9959157
ID_YOFONJ,0.00054166873,0.0024738247,0.0010256456,0.99595886
ID_XAYTFP,0.29267353,0.01529256,0.67627394,0.015759982
ID_YXVKZR,0.0015507429,0.00092821184,0.99655426,0.00096678414
ID_YYOCYN,0.23555201,0.023436822,0.7168919,0.02411926
ID_XVQFWW,0.9838123,0.0014567734,0.01321119,0.001519741
ID_YTOJQQ,0.0006303464,0.9960764,0.0009768212,0.0023164516
ID_WNGDEB,0.99699557,0.0006917854,0.0015971343,0.0007155136
ID_YYKIRN,0.0006148683,0.99568874,0.0010374696,0.0026588705
ID_YSKBBI,0.0006382876,0.0023232559,0.0009616022,0.9960769
ID_YYKHQJ,0.0005679661,0.0022763365,0.0008234789,0.9963322
ID_XVUIVT,0.0022305292,0.00065169885,0.99644345,0.0006742845
ID_YUXJAI,0.9910727,0.0010257504,0.006900763,0.0010007445
ID_ZDCEPH,0.00056061667,0.99627614,0.0009431072,0.002220219
ID_YXYPNE,0.00053067214,0.99639434,0.00088799855,0.0021870267
ID_YFCWKA,0.9984302,0.00022868268,0.0011045292,0.00023652648
ID_WYXUVZ,0.998058,0.00055646553,0.0008099831,0.0005755528
ID_ZDXTOM,0.000643242,0.002337805,0.00086304743,0.9961559
ID_ZANNAE,0.0017401463,0.0007255708,0.9967836,0.0007507166
ID_YXWOUQ,0.0005335204,0.996182,0.00094762316,0.0023368087
ID_XGOABT,0.99784386,0.00051301566,0.0011124508,0.0005306126
ID_ZCQPZJ,0.0006260126,0.0022987446,0.0009419142,0.9961333
ID_YWBMIU,0.00050839444,0.0021934297,0.000929033,0.9963691
ID_ZNJUOS,0.0013273258,0.0011553394,0.9963398,0.0011776031
ID_ZIMSNW,0.00058618607,0.99616337,0.00091626437,0.0023341356
ID_XJRBMI,0.9979752,0.00033205835,0.0013493482,0.00034344825
ID_YZUYOS,0.99682283,0.00047676315,0.002207342,0.00049311656
ID_ZPHTGI,0.9965868,0.00057968654,0.0022339905,0.0005995703
ID_ZLNIVC,0.0005067664,0.0022626668,0.0008496807,0.99638087
ID_ZLNTXR,0.9983955,0.0003454041,0.0009018375,0.00035725147
ID_ZLFEAA,0.0058460105,0.00078933075,0.992554,0.0008106801
ID_ZAFLWS,0.0009835458,0.0031143506,0.00096032413,0.9949418
ID_ZPWGNB,0.003799624,0.001422601,0.9933427,0.0014350534
ID_ZOCTOI,0.00069497176,0.00065330404,0.997976,0.0006757123
ID_ZPMIGD,0.9934574,0.00060075056,0.005320511,0.0006213569
ID_ZDAUAT,0.9965783,0.00045036335,0.0025054952,0.00046581123
ID_ZQPHOL,0.010958673,0.000932656,0.9871563,0.0009523739
ID_ZCEXAD,0.0009881414,0.0031091454,0.0012066881,0.994696
ID_YJTPWN,0.0005570295,0.0005594647,0.99830484,0.0005786549
ID_ZIQGRT,0.0005716089,0.0022161726,0.0008712425,0.99634093
ID_ZQJSXK,0.006166302,0.0014601192,0.9908634,0.0015102025
ID_ZPRUAS,0.00055439444,0.9962741,0.0008851142,0.0022863443
ID_ZOJNBU,0.9970933,0.00033233556,0.0022217075,0.0003526006
ID_ZUTVQY,0.96965146,0.0024423492,0.025380017,0.0025261238
ID_ZWUJFO,0.048166137,0.0027335507,0.9473727,0.0017276185
ID_ZKEAEO,0.9643375,0.0043093218,0.02689602,0.0044571357
ID_ZWFLBS,0.000505698,0.002230978,0.00083028,0.996433
ID_ZWKWIN,0.000553344,0.0022803112,0.0008377475,0.99632865
ID_XUBQXT,0.99850357,0.0003844113,0.0007144436,0.00039759657
ID_ZRRDIN,0.00058956764,0.002257656,0.0008457817,0.996307
ID_ZWMJPU,0.00071599265,0.002323137,0.00086550385,0.99609536
ID_ZCOHNC,0.0005627,0.0021616016,0.00096648466,0.9963092
ID_ZTKFQH,0.0006087606,0.0056257728,0.001006483,0.992759
ID_YZJCKD,0.9986461,0.000330858,0.00068254303,0.00034049214
ID_ZPVCGH,0.0005657201,0.0021825798,0.00088045746,0.99637127
ID_ZXNUDJ,0.98726267,0.0012448744,0.01020489,0.0012875748
ID_ZBAENY,0.99862754,0.00028779032,0.000787015,0.00029766178
ID_ZMZPNF,0.0005781523,0.9957699,0.0011722203,0.0024797192
ID_ZTRJPX,0.0005658101,0.9961499,0.0010055773,0.002278765
ID_XSITII,0.99530077,0.00074025895,0.0031932497,0.00076565053
ID_ZRCWCQ,0.0026098732,0.0014587472,0.99442214,0.0015093023
ID_ZOAAVW,0.003153594,0.001535299,0.9937231,0.0015879595
ID_ZZWUCJ,0.0073757586,0.0013960843,0.98986304,0.001365105
ID_ZGPWDB,0.9978276,0.00049459754,0.001166227,0.00051156216
ID_ZXTCJH,0.0007049875,0.0023439664,0.001051615,0.9958994
ID_ZQTHSJ,0.00080628594,0.0034870887,0.00156728,0.9941393
ID_ZIZGXX,0.99426395,0.00048498643,0.004749408,0.0005016219
ID_ZZIPPX,0.9986687,0.0003242086,0.0006718505,0.00033532895
ID_ZJDYLK,0.99431735,0.00051648763,0.004631923,0.0005342031
ID_YMJDMN,0.98909724,0.0023477776,0.006126603,0.002428306
ID_ZMEKSI,0.013280968,0.0031010988,0.98056227,0.003055705
